../../misc_phd/input/lcs_instances/10-random-0-1-0.lcs,10,,20,12.42,,,26.3268686868687,5.13097151491496
../../misc_phd/input/lcs_instances/10-random-0-1-1.lcs,13,,40,38.92,3.13365539452496,,152.64,
../../misc_phd/input/lcs_instances/10-random-0-1-2.lcs,17,,80,129.27,3.32142857142857,0.187773176903612,1095.93646464646,
../../misc_phd/input/lcs_instances/10-random-0-1-3.lcs,18,,160,378.56,2.92844434130115,-0.392984230127419,6099.68323232323,
../../misc_phd/input/lcs_instances/10-random-0-1-4.lcs,11,,320,1163.13,3.07251162299239,0.14406728169124,48967.9930303031,
../../misc_phd/input/lcs_instances/10-random-0-1-5.lcs,9,,640,3230.3,2.77724759915057,-0.295264023841824,166183.161616162,
../../misc_phd/input/lcs_instances/10-random-0-1-6.lcs,19,,1280,10606.04,3.2832987648206,0.506051165670037,3313355.63474747,
../../misc_phd/input/lcs_instances/10-random-0-1-7.lcs,15,,,,3.08609771570304,,,
../../misc_phd/input/lcs_instances/10-random-0-1-8.lcs,11,,,,,,,
../../misc_phd/input/lcs_instances/10-random-0-1-9.lcs,12,,,,409600,,,
../../misc_phd/input/lcs_instances/10-random-0-1-10.lcs,17,,,,,,,
../../misc_phd/input/lcs_instances/10-random-0-1-11.lcs,10,,,,,,,
../../misc_phd/input/lcs_instances/10-random-0-1-12.lcs,14,,,,,,,
../../misc_phd/input/lcs_instances/10-random-0-1-13.lcs,19,,,,,,,
../../misc_phd/input/lcs_instances/10-random-0-1-14.lcs,7,,,,,,,
../../misc_phd/input/lcs_instances/10-random-0-1-15.lcs,7,,,,,,,
../../misc_phd/input/lcs_instances/10-random-0-1-16.lcs,17,,,,,,,
../../misc_phd/input/lcs_instances/10-random-0-1-17.lcs,15,,,,,,,
../../misc_phd/input/lcs_instances/10-random-0-1-18.lcs,9,,,,,,,
../../misc_phd/input/lcs_instances/10-random-0-1-19.lcs,11,,,,,,,
../../misc_phd/input/lcs_instances/10-random-0-1-20.lcs,9,,,,,,,
../../misc_phd/input/lcs_instances/10-random-0-1-21.lcs,16,,,,,,,
../../misc_phd/input/lcs_instances/10-random-0-1-22.lcs,16,,,,,,,
../../misc_phd/input/lcs_instances/10-random-0-1-23.lcs,16,,,,,,,
../../misc_phd/input/lcs_instances/10-random-0-1-24.lcs,12,,,,,,,
../../misc_phd/input/lcs_instances/10-random-0-1-25.lcs,8,,,,,,,
../../misc_phd/input/lcs_instances/10-random-0-1-26.lcs,13,,,,,,,
../../misc_phd/input/lcs_instances/10-random-0-1-27.lcs,15,,,,,,,
../../misc_phd/input/lcs_instances/10-random-0-1-28.lcs,11,,,,,,,
../../misc_phd/input/lcs_instances/10-random-0-1-29.lcs,17,,,,,,,
../../misc_phd/input/lcs_instances/10-random-0-1-30.lcs,11,,,,,,,
../../misc_phd/input/lcs_instances/10-random-0-1-31.lcs,10,,,,,,,
../../misc_phd/input/lcs_instances/10-random-0-1-32.lcs,6,,,,,,,
../../misc_phd/input/lcs_instances/10-random-0-1-33.lcs,4,,,,,,,
../../misc_phd/input/lcs_instances/10-random-0-1-34.lcs,17,,,,,,,
../../misc_phd/input/lcs_instances/10-random-0-1-35.lcs,6,,,,,,,
../../misc_phd/input/lcs_instances/10-random-0-1-36.lcs,13,,,,,,,
../../misc_phd/input/lcs_instances/10-random-0-1-37.lcs,11,,,,,,,
../../misc_phd/input/lcs_instances/10-random-0-1-38.lcs,4,,,,,,,
../../misc_phd/input/lcs_instances/10-random-0-1-39.lcs,14,,,,,,,
../../misc_phd/input/lcs_instances/10-random-0-1-40.lcs,9,,,,,,,
../../misc_phd/input/lcs_instances/10-random-0-1-41.lcs,7,,,,,,,
../../misc_phd/input/lcs_instances/10-random-0-1-42.lcs,8,,,,,,,
../../misc_phd/input/lcs_instances/10-random-0-1-43.lcs,8,,,,,,,
../../misc_phd/input/lcs_instances/10-random-0-1-44.lcs,26,,,,,,,
../../misc_phd/input/lcs_instances/10-random-0-1-45.lcs,14,,,,,,,
../../misc_phd/input/lcs_instances/10-random-0-1-46.lcs,13,,,,,,,
../../misc_phd/input/lcs_instances/10-random-0-1-47.lcs,2,,,,,,,
../../misc_phd/input/lcs_instances/10-random-0-1-48.lcs,9,,,,,,,
../../misc_phd/input/lcs_instances/10-random-0-1-49.lcs,10,,,,,,,
../../misc_phd/input/lcs_instances/10-random-0-1-50.lcs,16,,,,,,,
../../misc_phd/input/lcs_instances/10-random-0-1-51.lcs,21,,,,,,,
../../misc_phd/input/lcs_instances/10-random-0-1-52.lcs,14,,,,,,,
../../misc_phd/input/lcs_instances/10-random-0-1-53.lcs,2,,,,,,,
../../misc_phd/input/lcs_instances/10-random-0-1-54.lcs,16,,,,,,,
../../misc_phd/input/lcs_instances/10-random-0-1-55.lcs,11,,,,,,,
../../misc_phd/input/lcs_instances/10-random-0-1-56.lcs,5,,,,,,,
../../misc_phd/input/lcs_instances/10-random-0-1-57.lcs,10,,,,,,,
../../misc_phd/input/lcs_instances/10-random-0-1-58.lcs,11,,,,,,,
../../misc_phd/input/lcs_instances/10-random-0-1-59.lcs,10,,,,,,,
../../misc_phd/input/lcs_instances/10-random-0-1-60.lcs,2,,,,,,,
../../misc_phd/input/lcs_instances/10-random-0-1-61.lcs,16,,,,,,,
../../misc_phd/input/lcs_instances/10-random-0-1-62.lcs,27,,,,,,,
../../misc_phd/input/lcs_instances/10-random-0-1-63.lcs,14,,,,,,,
../../misc_phd/input/lcs_instances/10-random-0-1-64.lcs,6,,,,,,,
../../misc_phd/input/lcs_instances/10-random-0-1-65.lcs,4,,,,,,,
../../misc_phd/input/lcs_instances/10-random-0-1-66.lcs,10,,,,,,,
../../misc_phd/input/lcs_instances/10-random-0-1-67.lcs,11,,,,,,,
../../misc_phd/input/lcs_instances/10-random-0-1-68.lcs,10,,,,,,,
../../misc_phd/input/lcs_instances/10-random-0-1-69.lcs,9,,,,,,,
../../misc_phd/input/lcs_instances/10-random-0-1-70.lcs,16,,,,,,,
../../misc_phd/input/lcs_instances/10-random-0-1-71.lcs,12,,,,,,,
../../misc_phd/input/lcs_instances/10-random-0-1-72.lcs,21,,,,,,,
../../misc_phd/input/lcs_instances/10-random-0-1-73.lcs,17,,,,,,,
../../misc_phd/input/lcs_instances/10-random-0-1-74.lcs,10,,,,,,,
../../misc_phd/input/lcs_instances/10-random-0-1-75.lcs,9,,,,,,,
../../misc_phd/input/lcs_instances/10-random-0-1-76.lcs,10,,,,,,,
../../misc_phd/input/lcs_instances/10-random-0-1-77.lcs,9,,,,,,,
../../misc_phd/input/lcs_instances/10-random-0-1-78.lcs,19,,,,,,,
../../misc_phd/input/lcs_instances/10-random-0-1-79.lcs,19,,,,,,,
../../misc_phd/input/lcs_instances/10-random-0-1-80.lcs,14,,,,,,,
../../misc_phd/input/lcs_instances/10-random-0-1-81.lcs,10,,,,,,,
../../misc_phd/input/lcs_instances/10-random-0-1-82.lcs,19,,,,,,,
../../misc_phd/input/lcs_instances/10-random-0-1-83.lcs,11,,,,,,,
../../misc_phd/input/lcs_instances/10-random-0-1-84.lcs,12,,,,,,,
../../misc_phd/input/lcs_instances/10-random-0-1-85.lcs,11,,,,,,,
../../misc_phd/input/lcs_instances/10-random-0-1-86.lcs,30,,,,,,,
../../misc_phd/input/lcs_instances/10-random-0-1-87.lcs,8,,,,,,,
../../misc_phd/input/lcs_instances/10-random-0-1-88.lcs,19,,,,,,,
../../misc_phd/input/lcs_instances/10-random-0-1-89.lcs,19,,,,,,,
../../misc_phd/input/lcs_instances/10-random-0-1-90.lcs,11,,,,,,,
../../misc_phd/input/lcs_instances/10-random-0-1-91.lcs,14,,,,,,,
../../misc_phd/input/lcs_instances/10-random-0-1-92.lcs,8,,,,,,,
../../misc_phd/input/lcs_instances/10-random-0-1-93.lcs,10,,,,,,,
../../misc_phd/input/lcs_instances/10-random-0-1-94.lcs,14,,,,,,,
../../misc_phd/input/lcs_instances/10-random-0-1-95.lcs,10,,,,,,,
../../misc_phd/input/lcs_instances/10-random-0-1-96.lcs,18,,,,,,,
../../misc_phd/input/lcs_instances/10-random-0-1-97.lcs,18,,,,,,,
../../misc_phd/input/lcs_instances/10-random-0-1-98.lcs,11,,,,,,,
../../misc_phd/input/lcs_instances/10-random-0-1-99.lcs,12,,,,,,,
../../misc_phd/input/lcs_instances/20-random-0-1-0.lcs,22,,,,,,,
../../misc_phd/input/lcs_instances/20-random-0-1-1.lcs,33,,,,,,,
../../misc_phd/input/lcs_instances/20-random-0-1-2.lcs,42,,,,,,,
../../misc_phd/input/lcs_instances/20-random-0-1-3.lcs,72,,,,,,,
../../misc_phd/input/lcs_instances/20-random-0-1-4.lcs,25,,,,,,,
../../misc_phd/input/lcs_instances/20-random-0-1-5.lcs,53,,,,,,,
../../misc_phd/input/lcs_instances/20-random-0-1-6.lcs,33,,,,,,,
../../misc_phd/input/lcs_instances/20-random-0-1-7.lcs,37,,,,,,,
../../misc_phd/input/lcs_instances/20-random-0-1-8.lcs,58,,,,,,,
../../misc_phd/input/lcs_instances/20-random-0-1-9.lcs,24,,,,,,,
../../misc_phd/input/lcs_instances/20-random-0-1-10.lcs,53,,,,,,,
../../misc_phd/input/lcs_instances/20-random-0-1-11.lcs,36,,,,,,,
../../misc_phd/input/lcs_instances/20-random-0-1-12.lcs,37,,,,,,,
../../misc_phd/input/lcs_instances/20-random-0-1-13.lcs,56,,,,,,,
../../misc_phd/input/lcs_instances/20-random-0-1-14.lcs,13,,,,,,,
../../misc_phd/input/lcs_instances/20-random-0-1-15.lcs,40,,,,,,,
../../misc_phd/input/lcs_instances/20-random-0-1-16.lcs,30,,,,,,,
../../misc_phd/input/lcs_instances/20-random-0-1-17.lcs,28,,,,,,,
../../misc_phd/input/lcs_instances/20-random-0-1-18.lcs,24,,,,,,,
../../misc_phd/input/lcs_instances/20-random-0-1-19.lcs,60,,,,,,,
../../misc_phd/input/lcs_instances/20-random-0-1-20.lcs,32,,,,,,,
../../misc_phd/input/lcs_instances/20-random-0-1-21.lcs,51,,,,,,,
../../misc_phd/input/lcs_instances/20-random-0-1-22.lcs,40,,,,,,,
../../misc_phd/input/lcs_instances/20-random-0-1-23.lcs,39,,,,,,,
../../misc_phd/input/lcs_instances/20-random-0-1-24.lcs,33,,,,,,,
../../misc_phd/input/lcs_instances/20-random-0-1-25.lcs,32,,,,,,,
../../misc_phd/input/lcs_instances/20-random-0-1-26.lcs,51,,,,,,,
../../misc_phd/input/lcs_instances/20-random-0-1-27.lcs,34,,,,,,,
../../misc_phd/input/lcs_instances/20-random-0-1-28.lcs,37,,,,,,,
../../misc_phd/input/lcs_instances/20-random-0-1-29.lcs,44,,,,,,,
../../misc_phd/input/lcs_instances/20-random-0-1-30.lcs,34,,,,,,,
../../misc_phd/input/lcs_instances/20-random-0-1-31.lcs,61,,,,,,,
../../misc_phd/input/lcs_instances/20-random-0-1-32.lcs,35,,,,,,,
../../misc_phd/input/lcs_instances/20-random-0-1-33.lcs,48,,,,,,,
../../misc_phd/input/lcs_instances/20-random-0-1-34.lcs,31,,,,,,,
../../misc_phd/input/lcs_instances/20-random-0-1-35.lcs,24,,,,,,,
../../misc_phd/input/lcs_instances/20-random-0-1-36.lcs,58,,,,,,,
../../misc_phd/input/lcs_instances/20-random-0-1-37.lcs,49,,,,,,,
../../misc_phd/input/lcs_instances/20-random-0-1-38.lcs,35,,,,,,,
../../misc_phd/input/lcs_instances/20-random-0-1-39.lcs,20,,,,,,,
../../misc_phd/input/lcs_instances/20-random-0-1-40.lcs,36,,,,,,,
../../misc_phd/input/lcs_instances/20-random-0-1-41.lcs,24,,,,,,,
../../misc_phd/input/lcs_instances/20-random-0-1-42.lcs,26,,,,,,,
../../misc_phd/input/lcs_instances/20-random-0-1-43.lcs,69,,,,,,,
../../misc_phd/input/lcs_instances/20-random-0-1-44.lcs,40,,,,,,,
../../misc_phd/input/lcs_instances/20-random-0-1-45.lcs,34,,,,,,,
../../misc_phd/input/lcs_instances/20-random-0-1-46.lcs,38,,,,,,,
../../misc_phd/input/lcs_instances/20-random-0-1-47.lcs,56,,,,,,,
../../misc_phd/input/lcs_instances/20-random-0-1-48.lcs,56,,,,,,,
../../misc_phd/input/lcs_instances/20-random-0-1-49.lcs,31,,,,,,,
../../misc_phd/input/lcs_instances/20-random-0-1-50.lcs,71,,,,,,,
../../misc_phd/input/lcs_instances/20-random-0-1-51.lcs,47,,,,,,,
../../misc_phd/input/lcs_instances/20-random-0-1-52.lcs,27,,,,,,,
../../misc_phd/input/lcs_instances/20-random-0-1-53.lcs,39,,,,,,,
../../misc_phd/input/lcs_instances/20-random-0-1-54.lcs,37,,,,,,,
../../misc_phd/input/lcs_instances/20-random-0-1-55.lcs,47,,,,,,,
../../misc_phd/input/lcs_instances/20-random-0-1-56.lcs,36,,,,,,,
../../misc_phd/input/lcs_instances/20-random-0-1-57.lcs,39,,,,,,,
../../misc_phd/input/lcs_instances/20-random-0-1-58.lcs,58,,,,,,,
../../misc_phd/input/lcs_instances/20-random-0-1-59.lcs,49,,,,,,,
../../misc_phd/input/lcs_instances/20-random-0-1-60.lcs,28,,,,,,,
../../misc_phd/input/lcs_instances/20-random-0-1-61.lcs,48,,,,,,,
../../misc_phd/input/lcs_instances/20-random-0-1-62.lcs,28,,,,,,,
../../misc_phd/input/lcs_instances/20-random-0-1-63.lcs,34,,,,,,,
../../misc_phd/input/lcs_instances/20-random-0-1-64.lcs,50,,,,,,,
../../misc_phd/input/lcs_instances/20-random-0-1-65.lcs,43,,,,,,,
../../misc_phd/input/lcs_instances/20-random-0-1-66.lcs,49,,,,,,,
../../misc_phd/input/lcs_instances/20-random-0-1-67.lcs,28,,,,,,,
../../misc_phd/input/lcs_instances/20-random-0-1-68.lcs,29,,,,,,,
../../misc_phd/input/lcs_instances/20-random-0-1-69.lcs,25,,,,,,,
../../misc_phd/input/lcs_instances/20-random-0-1-70.lcs,49,,,,,,,
../../misc_phd/input/lcs_instances/20-random-0-1-71.lcs,45,,,,,,,
../../misc_phd/input/lcs_instances/20-random-0-1-72.lcs,31,,,,,,,
../../misc_phd/input/lcs_instances/20-random-0-1-73.lcs,25,,,,,,,
../../misc_phd/input/lcs_instances/20-random-0-1-74.lcs,54,,,,,,,
../../misc_phd/input/lcs_instances/20-random-0-1-75.lcs,43,,,,,,,
../../misc_phd/input/lcs_instances/20-random-0-1-76.lcs,47,,,,,,,
../../misc_phd/input/lcs_instances/20-random-0-1-77.lcs,53,,,,,,,
../../misc_phd/input/lcs_instances/20-random-0-1-78.lcs,20,,,,,,,
../../misc_phd/input/lcs_instances/20-random-0-1-79.lcs,35,,,,,,,
../../misc_phd/input/lcs_instances/20-random-0-1-80.lcs,34,,,,,,,
../../misc_phd/input/lcs_instances/20-random-0-1-81.lcs,25,,,,,,,
../../misc_phd/input/lcs_instances/20-random-0-1-82.lcs,32,,,,,,,
../../misc_phd/input/lcs_instances/20-random-0-1-83.lcs,51,,,,,,,
../../misc_phd/input/lcs_instances/20-random-0-1-84.lcs,32,,,,,,,
../../misc_phd/input/lcs_instances/20-random-0-1-85.lcs,60,,,,,,,
../../misc_phd/input/lcs_instances/20-random-0-1-86.lcs,18,,,,,,,
../../misc_phd/input/lcs_instances/20-random-0-1-87.lcs,44,,,,,,,
../../misc_phd/input/lcs_instances/20-random-0-1-88.lcs,50,,,,,,,
../../misc_phd/input/lcs_instances/20-random-0-1-89.lcs,29,,,,,,,
../../misc_phd/input/lcs_instances/20-random-0-1-90.lcs,43,,,,,,,
../../misc_phd/input/lcs_instances/20-random-0-1-91.lcs,38,,,,,,,
../../misc_phd/input/lcs_instances/20-random-0-1-92.lcs,32,,,,,,,
../../misc_phd/input/lcs_instances/20-random-0-1-93.lcs,29,,,,,,,
../../misc_phd/input/lcs_instances/20-random-0-1-94.lcs,23,,,,,,,
../../misc_phd/input/lcs_instances/20-random-0-1-95.lcs,30,,,,,,,
../../misc_phd/input/lcs_instances/20-random-0-1-96.lcs,23,,,,,,,
../../misc_phd/input/lcs_instances/20-random-0-1-97.lcs,40,,,,,,,
../../misc_phd/input/lcs_instances/20-random-0-1-98.lcs,32,,,,,,,
../../misc_phd/input/lcs_instances/20-random-0-1-99.lcs,39,,,,,,,
../../misc_phd/input/lcs_instances/40-random-0-1-0.lcs,102,,,,,,,
../../misc_phd/input/lcs_instances/40-random-0-1-1.lcs,86,,,,,,,
../../misc_phd/input/lcs_instances/40-random-0-1-2.lcs,109,,,,,,,
../../misc_phd/input/lcs_instances/40-random-0-1-3.lcs,97,,,,,,,
../../misc_phd/input/lcs_instances/40-random-0-1-4.lcs,157,,,,,,,
../../misc_phd/input/lcs_instances/40-random-0-1-5.lcs,123,,,,,,,
../../misc_phd/input/lcs_instances/40-random-0-1-6.lcs,104,,,,,,,
../../misc_phd/input/lcs_instances/40-random-0-1-7.lcs,125,,,,,,,
../../misc_phd/input/lcs_instances/40-random-0-1-8.lcs,141,,,,,,,
../../misc_phd/input/lcs_instances/40-random-0-1-9.lcs,127,,,,,,,
../../misc_phd/input/lcs_instances/40-random-0-1-10.lcs,163,,,,,,,
../../misc_phd/input/lcs_instances/40-random-0-1-11.lcs,131,,,,,,,
../../misc_phd/input/lcs_instances/40-random-0-1-12.lcs,160,,,,,,,
../../misc_phd/input/lcs_instances/40-random-0-1-13.lcs,129,,,,,,,
../../misc_phd/input/lcs_instances/40-random-0-1-14.lcs,118,,,,,,,
../../misc_phd/input/lcs_instances/40-random-0-1-15.lcs,150,,,,,,,
../../misc_phd/input/lcs_instances/40-random-0-1-16.lcs,125,,,,,,,
../../misc_phd/input/lcs_instances/40-random-0-1-17.lcs,109,,,,,,,
../../misc_phd/input/lcs_instances/40-random-0-1-18.lcs,127,,,,,,,
../../misc_phd/input/lcs_instances/40-random-0-1-19.lcs,92,,,,,,,
../../misc_phd/input/lcs_instances/40-random-0-1-20.lcs,143,,,,,,,
../../misc_phd/input/lcs_instances/40-random-0-1-21.lcs,105,,,,,,,
../../misc_phd/input/lcs_instances/40-random-0-1-22.lcs,206,,,,,,,
../../misc_phd/input/lcs_instances/40-random-0-1-23.lcs,109,,,,,,,
../../misc_phd/input/lcs_instances/40-random-0-1-24.lcs,170,,,,,,,
../../misc_phd/input/lcs_instances/40-random-0-1-25.lcs,105,,,,,,,
../../misc_phd/input/lcs_instances/40-random-0-1-26.lcs,90,,,,,,,
../../misc_phd/input/lcs_instances/40-random-0-1-27.lcs,128,,,,,,,
../../misc_phd/input/lcs_instances/40-random-0-1-28.lcs,94,,,,,,,
../../misc_phd/input/lcs_instances/40-random-0-1-29.lcs,156,,,,,,,
../../misc_phd/input/lcs_instances/40-random-0-1-30.lcs,99,,,,,,,
../../misc_phd/input/lcs_instances/40-random-0-1-31.lcs,117,,,,,,,
../../misc_phd/input/lcs_instances/40-random-0-1-32.lcs,239,,,,,,,
../../misc_phd/input/lcs_instances/40-random-0-1-33.lcs,195,,,,,,,
../../misc_phd/input/lcs_instances/40-random-0-1-34.lcs,94,,,,,,,
../../misc_phd/input/lcs_instances/40-random-0-1-35.lcs,110,,,,,,,
../../misc_phd/input/lcs_instances/40-random-0-1-36.lcs,83,,,,,,,
../../misc_phd/input/lcs_instances/40-random-0-1-37.lcs,144,,,,,,,
../../misc_phd/input/lcs_instances/40-random-0-1-38.lcs,138,,,,,,,
../../misc_phd/input/lcs_instances/40-random-0-1-39.lcs,111,,,,,,,
../../misc_phd/input/lcs_instances/40-random-0-1-40.lcs,177,,,,,,,
../../misc_phd/input/lcs_instances/40-random-0-1-41.lcs,131,,,,,,,
../../misc_phd/input/lcs_instances/40-random-0-1-42.lcs,164,,,,,,,
../../misc_phd/input/lcs_instances/40-random-0-1-43.lcs,78,,,,,,,
../../misc_phd/input/lcs_instances/40-random-0-1-44.lcs,115,,,,,,,
../../misc_phd/input/lcs_instances/40-random-0-1-45.lcs,148,,,,,,,
../../misc_phd/input/lcs_instances/40-random-0-1-46.lcs,170,,,,,,,
../../misc_phd/input/lcs_instances/40-random-0-1-47.lcs,102,,,,,,,
../../misc_phd/input/lcs_instances/40-random-0-1-48.lcs,162,,,,,,,
../../misc_phd/input/lcs_instances/40-random-0-1-49.lcs,159,,,,,,,
../../misc_phd/input/lcs_instances/40-random-0-1-50.lcs,97,,,,,,,
../../misc_phd/input/lcs_instances/40-random-0-1-51.lcs,135,,,,,,,
../../misc_phd/input/lcs_instances/40-random-0-1-52.lcs,141,,,,,,,
../../misc_phd/input/lcs_instances/40-random-0-1-53.lcs,120,,,,,,,
../../misc_phd/input/lcs_instances/40-random-0-1-54.lcs,174,,,,,,,
../../misc_phd/input/lcs_instances/40-random-0-1-55.lcs,129,,,,,,,
../../misc_phd/input/lcs_instances/40-random-0-1-56.lcs,167,,,,,,,
../../misc_phd/input/lcs_instances/40-random-0-1-57.lcs,91,,,,,,,
../../misc_phd/input/lcs_instances/40-random-0-1-58.lcs,114,,,,,,,
../../misc_phd/input/lcs_instances/40-random-0-1-59.lcs,122,,,,,,,
../../misc_phd/input/lcs_instances/40-random-0-1-60.lcs,170,,,,,,,
../../misc_phd/input/lcs_instances/40-random-0-1-61.lcs,108,,,,,,,
../../misc_phd/input/lcs_instances/40-random-0-1-62.lcs,94,,,,,,,
../../misc_phd/input/lcs_instances/40-random-0-1-63.lcs,83,,,,,,,
../../misc_phd/input/lcs_instances/40-random-0-1-64.lcs,94,,,,,,,
../../misc_phd/input/lcs_instances/40-random-0-1-65.lcs,125,,,,,,,
../../misc_phd/input/lcs_instances/40-random-0-1-66.lcs,151,,,,,,,
../../misc_phd/input/lcs_instances/40-random-0-1-67.lcs,108,,,,,,,
../../misc_phd/input/lcs_instances/40-random-0-1-68.lcs,205,,,,,,,
../../misc_phd/input/lcs_instances/40-random-0-1-69.lcs,139,,,,,,,
../../misc_phd/input/lcs_instances/40-random-0-1-70.lcs,185,,,,,,,
../../misc_phd/input/lcs_instances/40-random-0-1-71.lcs,152,,,,,,,
../../misc_phd/input/lcs_instances/40-random-0-1-72.lcs,93,,,,,,,
../../misc_phd/input/lcs_instances/40-random-0-1-73.lcs,175,,,,,,,
../../misc_phd/input/lcs_instances/40-random-0-1-74.lcs,105,,,,,,,
../../misc_phd/input/lcs_instances/40-random-0-1-75.lcs,131,,,,,,,
../../misc_phd/input/lcs_instances/40-random-0-1-76.lcs,103,,,,,,,
../../misc_phd/input/lcs_instances/40-random-0-1-77.lcs,87,,,,,,,
../../misc_phd/input/lcs_instances/40-random-0-1-78.lcs,162,,,,,,,
../../misc_phd/input/lcs_instances/40-random-0-1-79.lcs,133,,,,,,,
../../misc_phd/input/lcs_instances/40-random-0-1-80.lcs,105,,,,,,,
../../misc_phd/input/lcs_instances/40-random-0-1-81.lcs,153,,,,,,,
../../misc_phd/input/lcs_instances/40-random-0-1-82.lcs,112,,,,,,,
../../misc_phd/input/lcs_instances/40-random-0-1-83.lcs,221,,,,,,,
../../misc_phd/input/lcs_instances/40-random-0-1-84.lcs,135,,,,,,,
../../misc_phd/input/lcs_instances/40-random-0-1-85.lcs,141,,,,,,,
../../misc_phd/input/lcs_instances/40-random-0-1-86.lcs,125,,,,,,,
../../misc_phd/input/lcs_instances/40-random-0-1-87.lcs,97,,,,,,,
../../misc_phd/input/lcs_instances/40-random-0-1-88.lcs,111,,,,,,,
../../misc_phd/input/lcs_instances/40-random-0-1-89.lcs,163,,,,,,,
../../misc_phd/input/lcs_instances/40-random-0-1-90.lcs,98,,,,,,,
../../misc_phd/input/lcs_instances/40-random-0-1-91.lcs,160,,,,,,,
../../misc_phd/input/lcs_instances/40-random-0-1-92.lcs,160,,,,,,,
../../misc_phd/input/lcs_instances/40-random-0-1-93.lcs,136,,,,,,,
../../misc_phd/input/lcs_instances/40-random-0-1-94.lcs,100,,,,,,,
../../misc_phd/input/lcs_instances/40-random-0-1-95.lcs,77,,,,,,,
../../misc_phd/input/lcs_instances/40-random-0-1-96.lcs,111,,,,,,,
../../misc_phd/input/lcs_instances/40-random-0-1-97.lcs,95,,,,,,,
../../misc_phd/input/lcs_instances/40-random-0-1-98.lcs,115,,,,,,,
../../misc_phd/input/lcs_instances/40-random-0-1-99.lcs,102,,,,,,,
../../misc_phd/input/lcs_instances/80-random-0-1-0.lcs,371,,,,,,,
../../misc_phd/input/lcs_instances/80-random-0-1-1.lcs,372,,,,,,,
../../misc_phd/input/lcs_instances/80-random-0-1-2.lcs,378,,,,,,,
../../misc_phd/input/lcs_instances/80-random-0-1-3.lcs,327,,,,,,,
../../misc_phd/input/lcs_instances/80-random-0-1-4.lcs,399,,,,,,,
../../misc_phd/input/lcs_instances/80-random-0-1-5.lcs,368,,,,,,,
../../misc_phd/input/lcs_instances/80-random-0-1-6.lcs,314,,,,,,,
../../misc_phd/input/lcs_instances/80-random-0-1-7.lcs,472,,,,,,,
../../misc_phd/input/lcs_instances/80-random-0-1-8.lcs,331,,,,,,,
../../misc_phd/input/lcs_instances/80-random-0-1-9.lcs,316,,,,,,,
../../misc_phd/input/lcs_instances/80-random-0-1-10.lcs,525,,,,,,,
../../misc_phd/input/lcs_instances/80-random-0-1-11.lcs,417,,,,,,,
../../misc_phd/input/lcs_instances/80-random-0-1-12.lcs,550,,,,,,,
../../misc_phd/input/lcs_instances/80-random-0-1-13.lcs,372,,,,,,,
../../misc_phd/input/lcs_instances/80-random-0-1-14.lcs,473,,,,,,,
../../misc_phd/input/lcs_instances/80-random-0-1-15.lcs,359,,,,,,,
../../misc_phd/input/lcs_instances/80-random-0-1-16.lcs,450,,,,,,,
../../misc_phd/input/lcs_instances/80-random-0-1-17.lcs,326,,,,,,,
../../misc_phd/input/lcs_instances/80-random-0-1-18.lcs,321,,,,,,,
../../misc_phd/input/lcs_instances/80-random-0-1-19.lcs,340,,,,,,,
../../misc_phd/input/lcs_instances/80-random-0-1-20.lcs,355,,,,,,,
../../misc_phd/input/lcs_instances/80-random-0-1-21.lcs,369,,,,,,,
../../misc_phd/input/lcs_instances/80-random-0-1-22.lcs,432,,,,,,,
../../misc_phd/input/lcs_instances/80-random-0-1-23.lcs,462,,,,,,,
../../misc_phd/input/lcs_instances/80-random-0-1-24.lcs,325,,,,,,,
../../misc_phd/input/lcs_instances/80-random-0-1-25.lcs,272,,,,,,,
../../misc_phd/input/lcs_instances/80-random-0-1-26.lcs,359,,,,,,,
../../misc_phd/input/lcs_instances/80-random-0-1-27.lcs,383,,,,,,,
../../misc_phd/input/lcs_instances/80-random-0-1-28.lcs,585,,,,,,,
../../misc_phd/input/lcs_instances/80-random-0-1-29.lcs,305,,,,,,,
../../misc_phd/input/lcs_instances/80-random-0-1-30.lcs,299,,,,,,,
../../misc_phd/input/lcs_instances/80-random-0-1-31.lcs,386,,,,,,,
../../misc_phd/input/lcs_instances/80-random-0-1-32.lcs,391,,,,,,,
../../misc_phd/input/lcs_instances/80-random-0-1-33.lcs,369,,,,,,,
../../misc_phd/input/lcs_instances/80-random-0-1-34.lcs,449,,,,,,,
../../misc_phd/input/lcs_instances/80-random-0-1-35.lcs,502,,,,,,,
../../misc_phd/input/lcs_instances/80-random-0-1-36.lcs,254,,,,,,,
../../misc_phd/input/lcs_instances/80-random-0-1-37.lcs,415,,,,,,,
../../misc_phd/input/lcs_instances/80-random-0-1-38.lcs,376,,,,,,,
../../misc_phd/input/lcs_instances/80-random-0-1-39.lcs,423,,,,,,,
../../misc_phd/input/lcs_instances/80-random-0-1-40.lcs,254,,,,,,,
../../misc_phd/input/lcs_instances/80-random-0-1-41.lcs,392,,,,,,,
../../misc_phd/input/lcs_instances/80-random-0-1-42.lcs,305,,,,,,,
../../misc_phd/input/lcs_instances/80-random-0-1-43.lcs,352,,,,,,,
../../misc_phd/input/lcs_instances/80-random-0-1-44.lcs,431,,,,,,,
../../misc_phd/input/lcs_instances/80-random-0-1-45.lcs,293,,,,,,,
../../misc_phd/input/lcs_instances/80-random-0-1-46.lcs,313,,,,,,,
../../misc_phd/input/lcs_instances/80-random-0-1-47.lcs,277,,,,,,,
../../misc_phd/input/lcs_instances/80-random-0-1-48.lcs,277,,,,,,,
../../misc_phd/input/lcs_instances/80-random-0-1-49.lcs,295,,,,,,,
../../misc_phd/input/lcs_instances/80-random-0-1-50.lcs,285,,,,,,,
../../misc_phd/input/lcs_instances/80-random-0-1-51.lcs,367,,,,,,,
../../misc_phd/input/lcs_instances/80-random-0-1-52.lcs,439,,,,,,,
../../misc_phd/input/lcs_instances/80-random-0-1-53.lcs,274,,,,,,,
../../misc_phd/input/lcs_instances/80-random-0-1-54.lcs,326,,,,,,,
../../misc_phd/input/lcs_instances/80-random-0-1-55.lcs,388,,,,,,,
../../misc_phd/input/lcs_instances/80-random-0-1-56.lcs,509,,,,,,,
../../misc_phd/input/lcs_instances/80-random-0-1-57.lcs,310,,,,,,,
../../misc_phd/input/lcs_instances/80-random-0-1-58.lcs,493,,,,,,,
../../misc_phd/input/lcs_instances/80-random-0-1-59.lcs,438,,,,,,,
../../misc_phd/input/lcs_instances/80-random-0-1-60.lcs,452,,,,,,,
../../misc_phd/input/lcs_instances/80-random-0-1-61.lcs,302,,,,,,,
../../misc_phd/input/lcs_instances/80-random-0-1-62.lcs,418,,,,,,,
../../misc_phd/input/lcs_instances/80-random-0-1-63.lcs,561,,,,,,,
../../misc_phd/input/lcs_instances/80-random-0-1-64.lcs,394,,,,,,,
../../misc_phd/input/lcs_instances/80-random-0-1-65.lcs,411,,,,,,,
../../misc_phd/input/lcs_instances/80-random-0-1-66.lcs,338,,,,,,,
../../misc_phd/input/lcs_instances/80-random-0-1-67.lcs,329,,,,,,,
../../misc_phd/input/lcs_instances/80-random-0-1-68.lcs,358,,,,,,,
../../misc_phd/input/lcs_instances/80-random-0-1-69.lcs,416,,,,,,,
../../misc_phd/input/lcs_instances/80-random-0-1-70.lcs,344,,,,,,,
../../misc_phd/input/lcs_instances/80-random-0-1-71.lcs,284,,,,,,,
../../misc_phd/input/lcs_instances/80-random-0-1-72.lcs,336,,,,,,,
../../misc_phd/input/lcs_instances/80-random-0-1-73.lcs,256,,,,,,,
../../misc_phd/input/lcs_instances/80-random-0-1-74.lcs,377,,,,,,,
../../misc_phd/input/lcs_instances/80-random-0-1-75.lcs,324,,,,,,,
../../misc_phd/input/lcs_instances/80-random-0-1-76.lcs,358,,,,,,,
../../misc_phd/input/lcs_instances/80-random-0-1-77.lcs,383,,,,,,,
../../misc_phd/input/lcs_instances/80-random-0-1-78.lcs,298,,,,,,,
../../misc_phd/input/lcs_instances/80-random-0-1-79.lcs,365,,,,,,,
../../misc_phd/input/lcs_instances/80-random-0-1-80.lcs,588,,,,,,,
../../misc_phd/input/lcs_instances/80-random-0-1-81.lcs,563,,,,,,,
../../misc_phd/input/lcs_instances/80-random-0-1-82.lcs,427,,,,,,,
../../misc_phd/input/lcs_instances/80-random-0-1-83.lcs,552,,,,,,,
../../misc_phd/input/lcs_instances/80-random-0-1-84.lcs,274,,,,,,,
../../misc_phd/input/lcs_instances/80-random-0-1-85.lcs,331,,,,,,,
../../misc_phd/input/lcs_instances/80-random-0-1-86.lcs,357,,,,,,,
../../misc_phd/input/lcs_instances/80-random-0-1-87.lcs,365,,,,,,,
../../misc_phd/input/lcs_instances/80-random-0-1-88.lcs,396,,,,,,,
../../misc_phd/input/lcs_instances/80-random-0-1-89.lcs,315,,,,,,,
../../misc_phd/input/lcs_instances/80-random-0-1-90.lcs,393,,,,,,,
../../misc_phd/input/lcs_instances/80-random-0-1-91.lcs,340,,,,,,,
../../misc_phd/input/lcs_instances/80-random-0-1-92.lcs,391,,,,,,,
../../misc_phd/input/lcs_instances/80-random-0-1-93.lcs,390,,,,,,,
../../misc_phd/input/lcs_instances/80-random-0-1-94.lcs,462,,,,,,,
../../misc_phd/input/lcs_instances/80-random-0-1-95.lcs,412,,,,,,,
../../misc_phd/input/lcs_instances/80-random-0-1-96.lcs,378,,,,,,,
../../misc_phd/input/lcs_instances/80-random-0-1-97.lcs,494,,,,,,,
../../misc_phd/input/lcs_instances/80-random-0-1-98.lcs,368,,,,,,,
../../misc_phd/input/lcs_instances/80-random-0-1-99.lcs,246,,,,,,,
../../misc_phd/input/lcs_instances/160-random-0-1-0.lcs,825,,,,,,,
../../misc_phd/input/lcs_instances/160-random-0-1-1.lcs,1264,,,,,,,
../../misc_phd/input/lcs_instances/160-random-0-1-2.lcs,983,,,,,,,
../../misc_phd/input/lcs_instances/160-random-0-1-3.lcs,1238,,,,,,,
../../misc_phd/input/lcs_instances/160-random-0-1-4.lcs,967,,,,,,,
../../misc_phd/input/lcs_instances/160-random-0-1-5.lcs,978,,,,,,,
../../misc_phd/input/lcs_instances/160-random-0-1-6.lcs,1501,,,,,,,
../../misc_phd/input/lcs_instances/160-random-0-1-7.lcs,1522,,,,,,,
../../misc_phd/input/lcs_instances/160-random-0-1-8.lcs,1647,,,,,,,
../../misc_phd/input/lcs_instances/160-random-0-1-9.lcs,1134,,,,,,,
../../misc_phd/input/lcs_instances/160-random-0-1-10.lcs,1571,,,,,,,
../../misc_phd/input/lcs_instances/160-random-0-1-11.lcs,1046,,,,,,,
../../misc_phd/input/lcs_instances/160-random-0-1-12.lcs,1134,,,,,,,
../../misc_phd/input/lcs_instances/160-random-0-1-13.lcs,1169,,,,,,,
../../misc_phd/input/lcs_instances/160-random-0-1-14.lcs,1641,,,,,,,
../../misc_phd/input/lcs_instances/160-random-0-1-15.lcs,1016,,,,,,,
../../misc_phd/input/lcs_instances/160-random-0-1-16.lcs,962,,,,,,,
../../misc_phd/input/lcs_instances/160-random-0-1-17.lcs,1042,,,,,,,
../../misc_phd/input/lcs_instances/160-random-0-1-18.lcs,1461,,,,,,,
../../misc_phd/input/lcs_instances/160-random-0-1-19.lcs,1037,,,,,,,
../../misc_phd/input/lcs_instances/160-random-0-1-20.lcs,1076,,,,,,,
../../misc_phd/input/lcs_instances/160-random-0-1-21.lcs,1054,,,,,,,
../../misc_phd/input/lcs_instances/160-random-0-1-22.lcs,1072,,,,,,,
../../misc_phd/input/lcs_instances/160-random-0-1-23.lcs,1179,,,,,,,
../../misc_phd/input/lcs_instances/160-random-0-1-24.lcs,909,,,,,,,
../../misc_phd/input/lcs_instances/160-random-0-1-25.lcs,1323,,,,,,,
../../misc_phd/input/lcs_instances/160-random-0-1-26.lcs,835,,,,,,,
../../misc_phd/input/lcs_instances/160-random-0-1-27.lcs,1046,,,,,,,
../../misc_phd/input/lcs_instances/160-random-0-1-28.lcs,1130,,,,,,,
../../misc_phd/input/lcs_instances/160-random-0-1-29.lcs,1638,,,,,,,
../../misc_phd/input/lcs_instances/160-random-0-1-30.lcs,1083,,,,,,,
../../misc_phd/input/lcs_instances/160-random-0-1-31.lcs,1276,,,,,,,
../../misc_phd/input/lcs_instances/160-random-0-1-32.lcs,816,,,,,,,
../../misc_phd/input/lcs_instances/160-random-0-1-33.lcs,1150,,,,,,,
../../misc_phd/input/lcs_instances/160-random-0-1-34.lcs,1330,,,,,,,
../../misc_phd/input/lcs_instances/160-random-0-1-35.lcs,864,,,,,,,
../../misc_phd/input/lcs_instances/160-random-0-1-36.lcs,1272,,,,,,,
../../misc_phd/input/lcs_instances/160-random-0-1-37.lcs,1424,,,,,,,
../../misc_phd/input/lcs_instances/160-random-0-1-38.lcs,1098,,,,,,,
../../misc_phd/input/lcs_instances/160-random-0-1-39.lcs,1355,,,,,,,
../../misc_phd/input/lcs_instances/160-random-0-1-40.lcs,1121,,,,,,,
../../misc_phd/input/lcs_instances/160-random-0-1-41.lcs,1321,,,,,,,
../../misc_phd/input/lcs_instances/160-random-0-1-42.lcs,1156,,,,,,,
../../misc_phd/input/lcs_instances/160-random-0-1-43.lcs,1291,,,,,,,
../../misc_phd/input/lcs_instances/160-random-0-1-44.lcs,1005,,,,,,,
../../misc_phd/input/lcs_instances/160-random-0-1-45.lcs,1164,,,,,,,
../../misc_phd/input/lcs_instances/160-random-0-1-46.lcs,1193,,,,,,,
../../misc_phd/input/lcs_instances/160-random-0-1-47.lcs,1107,,,,,,,
../../misc_phd/input/lcs_instances/160-random-0-1-48.lcs,1592,,,,,,,
../../misc_phd/input/lcs_instances/160-random-0-1-49.lcs,1373,,,,,,,
../../misc_phd/input/lcs_instances/160-random-0-1-50.lcs,1104,,,,,,,
../../misc_phd/input/lcs_instances/160-random-0-1-51.lcs,1230,,,,,,,
../../misc_phd/input/lcs_instances/160-random-0-1-52.lcs,1133,,,,,,,
../../misc_phd/input/lcs_instances/160-random-0-1-53.lcs,1346,,,,,,,
../../misc_phd/input/lcs_instances/160-random-0-1-54.lcs,1246,,,,,,,
../../misc_phd/input/lcs_instances/160-random-0-1-55.lcs,1327,,,,,,,
../../misc_phd/input/lcs_instances/160-random-0-1-56.lcs,1326,,,,,,,
../../misc_phd/input/lcs_instances/160-random-0-1-57.lcs,954,,,,,,,
../../misc_phd/input/lcs_instances/160-random-0-1-58.lcs,1051,,,,,,,
../../misc_phd/input/lcs_instances/160-random-0-1-59.lcs,1037,,,,,,,
../../misc_phd/input/lcs_instances/160-random-0-1-60.lcs,1386,,,,,,,
../../misc_phd/input/lcs_instances/160-random-0-1-61.lcs,1314,,,,,,,
../../misc_phd/input/lcs_instances/160-random-0-1-62.lcs,1137,,,,,,,
../../misc_phd/input/lcs_instances/160-random-0-1-63.lcs,977,,,,,,,
../../misc_phd/input/lcs_instances/160-random-0-1-64.lcs,814,,,,,,,
../../misc_phd/input/lcs_instances/160-random-0-1-65.lcs,993,,,,,,,
../../misc_phd/input/lcs_instances/160-random-0-1-66.lcs,1026,,,,,,,
../../misc_phd/input/lcs_instances/160-random-0-1-67.lcs,1242,,,,,,,
../../misc_phd/input/lcs_instances/160-random-0-1-68.lcs,865,,,,,,,
../../misc_phd/input/lcs_instances/160-random-0-1-69.lcs,1671,,,,,,,
../../misc_phd/input/lcs_instances/160-random-0-1-70.lcs,1137,,,,,,,
../../misc_phd/input/lcs_instances/160-random-0-1-71.lcs,968,,,,,,,
../../misc_phd/input/lcs_instances/160-random-0-1-72.lcs,1051,,,,,,,
../../misc_phd/input/lcs_instances/160-random-0-1-73.lcs,1593,,,,,,,
../../misc_phd/input/lcs_instances/160-random-0-1-74.lcs,835,,,,,,,
../../misc_phd/input/lcs_instances/160-random-0-1-75.lcs,978,,,,,,,
../../misc_phd/input/lcs_instances/160-random-0-1-76.lcs,1615,,,,,,,
../../misc_phd/input/lcs_instances/160-random-0-1-77.lcs,1171,,,,,,,
../../misc_phd/input/lcs_instances/160-random-0-1-78.lcs,1413,,,,,,,
../../misc_phd/input/lcs_instances/160-random-0-1-79.lcs,1023,,,,,,,
../../misc_phd/input/lcs_instances/160-random-0-1-80.lcs,800,,,,,,,
../../misc_phd/input/lcs_instances/160-random-0-1-81.lcs,1340,,,,,,,
../../misc_phd/input/lcs_instances/160-random-0-1-82.lcs,1237,,,,,,,
../../misc_phd/input/lcs_instances/160-random-0-1-83.lcs,1431,,,,,,,
../../misc_phd/input/lcs_instances/160-random-0-1-84.lcs,1413,,,,,,,
../../misc_phd/input/lcs_instances/160-random-0-1-85.lcs,1073,,,,,,,
../../misc_phd/input/lcs_instances/160-random-0-1-86.lcs,816,,,,,,,
../../misc_phd/input/lcs_instances/160-random-0-1-87.lcs,1156,,,,,,,
../../misc_phd/input/lcs_instances/160-random-0-1-88.lcs,1114,,,,,,,
../../misc_phd/input/lcs_instances/160-random-0-1-89.lcs,851,,,,,,,
../../misc_phd/input/lcs_instances/160-random-0-1-90.lcs,1270,,,,,,,
../../misc_phd/input/lcs_instances/160-random-0-1-91.lcs,938,,,,,,,
../../misc_phd/input/lcs_instances/160-random-0-1-92.lcs,1292,,,,,,,
../../misc_phd/input/lcs_instances/160-random-0-1-93.lcs,1176,,,,,,,
../../misc_phd/input/lcs_instances/160-random-0-1-94.lcs,697,,,,,,,
../../misc_phd/input/lcs_instances/160-random-0-1-95.lcs,1244,,,,,,,
../../misc_phd/input/lcs_instances/160-random-0-1-96.lcs,986,,,,,,,
../../misc_phd/input/lcs_instances/160-random-0-1-97.lcs,1156,,,,,,,
../../misc_phd/input/lcs_instances/160-random-0-1-98.lcs,1002,,,,,,,
../../misc_phd/input/lcs_instances/160-random-0-1-99.lcs,967,,,,,,,
../../misc_phd/input/lcs_instances/320-random-0-1-0.lcs,3480,,,,,,,
../../misc_phd/input/lcs_instances/320-random-0-1-1.lcs,2942,,,,,,,
../../misc_phd/input/lcs_instances/320-random-0-1-2.lcs,2754,,,,,,,
../../misc_phd/input/lcs_instances/320-random-0-1-3.lcs,3792,,,,,,,
../../misc_phd/input/lcs_instances/320-random-0-1-4.lcs,3607,,,,,,,
../../misc_phd/input/lcs_instances/320-random-0-1-5.lcs,3275,,,,,,,
../../misc_phd/input/lcs_instances/320-random-0-1-6.lcs,3267,,,,,,,
../../misc_phd/input/lcs_instances/320-random-0-1-7.lcs,3121,,,,,,,
../../misc_phd/input/lcs_instances/320-random-0-1-8.lcs,2940,,,,,,,
../../misc_phd/input/lcs_instances/320-random-0-1-9.lcs,2830,,,,,,,
../../misc_phd/input/lcs_instances/320-random-0-1-10.lcs,3629,,,,,,,
../../misc_phd/input/lcs_instances/320-random-0-1-11.lcs,3004,,,,,,,
../../misc_phd/input/lcs_instances/320-random-0-1-12.lcs,3111,,,,,,,
../../misc_phd/input/lcs_instances/320-random-0-1-13.lcs,3797,,,,,,,
../../misc_phd/input/lcs_instances/320-random-0-1-14.lcs,3396,,,,,,,
../../misc_phd/input/lcs_instances/320-random-0-1-15.lcs,2785,,,,,,,
../../misc_phd/input/lcs_instances/320-random-0-1-16.lcs,3676,,,,,,,
../../misc_phd/input/lcs_instances/320-random-0-1-17.lcs,3329,,,,,,,
../../misc_phd/input/lcs_instances/320-random-0-1-18.lcs,2493,,,,,,,
../../misc_phd/input/lcs_instances/320-random-0-1-19.lcs,3767,,,,,,,
../../misc_phd/input/lcs_instances/320-random-0-1-20.lcs,3139,,,,,,,
../../misc_phd/input/lcs_instances/320-random-0-1-21.lcs,3720,,,,,,,
../../misc_phd/input/lcs_instances/320-random-0-1-22.lcs,2705,,,,,,,
../../misc_phd/input/lcs_instances/320-random-0-1-23.lcs,2539,,,,,,,
../../misc_phd/input/lcs_instances/320-random-0-1-24.lcs,3329,,,,,,,
../../misc_phd/input/lcs_instances/320-random-0-1-25.lcs,2948,,,,,,,
../../misc_phd/input/lcs_instances/320-random-0-1-26.lcs,3056,,,,,,,
../../misc_phd/input/lcs_instances/320-random-0-1-27.lcs,3564,,,,,,,
../../misc_phd/input/lcs_instances/320-random-0-1-28.lcs,2706,,,,,,,
../../misc_phd/input/lcs_instances/320-random-0-1-29.lcs,3041,,,,,,,
../../misc_phd/input/lcs_instances/320-random-0-1-30.lcs,3503,,,,,,,
../../misc_phd/input/lcs_instances/320-random-0-1-31.lcs,3250,,,,,,,
../../misc_phd/input/lcs_instances/320-random-0-1-32.lcs,3238,,,,,,,
../../misc_phd/input/lcs_instances/320-random-0-1-33.lcs,2641,,,,,,,
../../misc_phd/input/lcs_instances/320-random-0-1-34.lcs,2621,,,,,,,
../../misc_phd/input/lcs_instances/320-random-0-1-35.lcs,2533,,,,,,,
../../misc_phd/input/lcs_instances/320-random-0-1-36.lcs,3368,,,,,,,
../../misc_phd/input/lcs_instances/320-random-0-1-37.lcs,3188,,,,,,,
../../misc_phd/input/lcs_instances/320-random-0-1-38.lcs,2722,,,,,,,
../../misc_phd/input/lcs_instances/320-random-0-1-39.lcs,3233,,,,,,,
../../misc_phd/input/lcs_instances/320-random-0-1-40.lcs,3761,,,,,,,
../../misc_phd/input/lcs_instances/320-random-0-1-41.lcs,3741,,,,,,,
../../misc_phd/input/lcs_instances/320-random-0-1-42.lcs,3752,,,,,,,
../../misc_phd/input/lcs_instances/320-random-0-1-43.lcs,3606,,,,,,,
../../misc_phd/input/lcs_instances/320-random-0-1-44.lcs,3277,,,,,,,
../../misc_phd/input/lcs_instances/320-random-0-1-45.lcs,3025,,,,,,,
../../misc_phd/input/lcs_instances/320-random-0-1-46.lcs,3625,,,,,,,
../../misc_phd/input/lcs_instances/320-random-0-1-47.lcs,3798,,,,,,,
../../misc_phd/input/lcs_instances/320-random-0-1-48.lcs,2937,,,,,,,
../../misc_phd/input/lcs_instances/320-random-0-1-49.lcs,2310,,,,,,,
../../misc_phd/input/lcs_instances/320-random-0-1-50.lcs,3780,,,,,,,
../../misc_phd/input/lcs_instances/320-random-0-1-51.lcs,3574,,,,,,,
../../misc_phd/input/lcs_instances/320-random-0-1-52.lcs,3133,,,,,,,
../../misc_phd/input/lcs_instances/320-random-0-1-53.lcs,3753,,,,,,,
../../misc_phd/input/lcs_instances/320-random-0-1-54.lcs,3348,,,,,,,
../../misc_phd/input/lcs_instances/320-random-0-1-55.lcs,3292,,,,,,,
../../misc_phd/input/lcs_instances/320-random-0-1-56.lcs,2614,,,,,,,
../../misc_phd/input/lcs_instances/320-random-0-1-57.lcs,2677,,,,,,,
../../misc_phd/input/lcs_instances/320-random-0-1-58.lcs,2573,,,,,,,
../../misc_phd/input/lcs_instances/320-random-0-1-59.lcs,2477,,,,,,,
../../misc_phd/input/lcs_instances/320-random-0-1-60.lcs,2423,,,,,,,
../../misc_phd/input/lcs_instances/320-random-0-1-61.lcs,3095,,,,,,,
../../misc_phd/input/lcs_instances/320-random-0-1-62.lcs,3737,,,,,,,
../../misc_phd/input/lcs_instances/320-random-0-1-63.lcs,3242,,,,,,,
../../misc_phd/input/lcs_instances/320-random-0-1-64.lcs,3015,,,,,,,
../../misc_phd/input/lcs_instances/320-random-0-1-65.lcs,2682,,,,,,,
../../misc_phd/input/lcs_instances/320-random-0-1-66.lcs,3701,,,,,,,
../../misc_phd/input/lcs_instances/320-random-0-1-67.lcs,3562,,,,,,,
../../misc_phd/input/lcs_instances/320-random-0-1-68.lcs,3683,,,,,,,
../../misc_phd/input/lcs_instances/320-random-0-1-69.lcs,2675,,,,,,,
../../misc_phd/input/lcs_instances/320-random-0-1-70.lcs,3194,,,,,,,
../../misc_phd/input/lcs_instances/320-random-0-1-71.lcs,3669,,,,,,,
../../misc_phd/input/lcs_instances/320-random-0-1-72.lcs,3799,,,,,,,
../../misc_phd/input/lcs_instances/320-random-0-1-73.lcs,3735,,,,,,,
../../misc_phd/input/lcs_instances/320-random-0-1-74.lcs,3089,,,,,,,
../../misc_phd/input/lcs_instances/320-random-0-1-75.lcs,3219,,,,,,,
../../misc_phd/input/lcs_instances/320-random-0-1-76.lcs,3310,,,,,,,
../../misc_phd/input/lcs_instances/320-random-0-1-77.lcs,2866,,,,,,,
../../misc_phd/input/lcs_instances/320-random-0-1-78.lcs,3174,,,,,,,
../../misc_phd/input/lcs_instances/320-random-0-1-79.lcs,3375,,,,,,,
../../misc_phd/input/lcs_instances/320-random-0-1-80.lcs,3524,,,,,,,
../../misc_phd/input/lcs_instances/320-random-0-1-81.lcs,3285,,,,,,,
../../misc_phd/input/lcs_instances/320-random-0-1-82.lcs,3711,,,,,,,
../../misc_phd/input/lcs_instances/320-random-0-1-83.lcs,2742,,,,,,,
../../misc_phd/input/lcs_instances/320-random-0-1-84.lcs,3301,,,,,,,
../../misc_phd/input/lcs_instances/320-random-0-1-85.lcs,3034,,,,,,,
../../misc_phd/input/lcs_instances/320-random-0-1-86.lcs,3581,,,,,,,
../../misc_phd/input/lcs_instances/320-random-0-1-87.lcs,3570,,,,,,,
../../misc_phd/input/lcs_instances/320-random-0-1-88.lcs,3506,,,,,,,
../../misc_phd/input/lcs_instances/320-random-0-1-89.lcs,3335,,,,,,,
../../misc_phd/input/lcs_instances/320-random-0-1-90.lcs,3091,,,,,,,
../../misc_phd/input/lcs_instances/320-random-0-1-91.lcs,3760,,,,,,,
../../misc_phd/input/lcs_instances/320-random-0-1-92.lcs,2824,,,,,,,
../../misc_phd/input/lcs_instances/320-random-0-1-93.lcs,3650,,,,,,,
../../misc_phd/input/lcs_instances/320-random-0-1-94.lcs,2545,,,,,,,
../../misc_phd/input/lcs_instances/320-random-0-1-95.lcs,3123,,,,,,,
../../misc_phd/input/lcs_instances/320-random-0-1-96.lcs,3784,,,,,,,
../../misc_phd/input/lcs_instances/320-random-0-1-97.lcs,3398,,,,,,,
../../misc_phd/input/lcs_instances/320-random-0-1-98.lcs,3642,,,,,,,
../../misc_phd/input/lcs_instances/320-random-0-1-99.lcs,3287,,,,,,,
../../misc_phd/input/lcs_instances/640-random-0-1-0.lcs,14446,,,,,,,
../../misc_phd/input/lcs_instances/640-random-0-1-1.lcs,8631,,,,,,,
../../misc_phd/input/lcs_instances/640-random-0-1-2.lcs,12161,,,,,,,
../../misc_phd/input/lcs_instances/640-random-0-1-3.lcs,10997,,,,,,,
../../misc_phd/input/lcs_instances/640-random-0-1-4.lcs,9436,,,,,,,
../../misc_phd/input/lcs_instances/640-random-0-1-5.lcs,8430,,,,,,,
../../misc_phd/input/lcs_instances/640-random-0-1-6.lcs,9708,,,,,,,
../../misc_phd/input/lcs_instances/640-random-0-1-7.lcs,9891,,,,,,,
../../misc_phd/input/lcs_instances/640-random-0-1-8.lcs,13916,,,,,,,
../../misc_phd/input/lcs_instances/640-random-0-1-9.lcs,12008,,,,,,,
../../misc_phd/input/lcs_instances/640-random-0-1-10.lcs,14050,,,,,,,
../../misc_phd/input/lcs_instances/640-random-0-1-11.lcs,10499,,,,,,,
../../misc_phd/input/lcs_instances/640-random-0-1-12.lcs,15845,,,,,,,
../../misc_phd/input/lcs_instances/640-random-0-1-13.lcs,11048,,,,,,,
../../misc_phd/input/lcs_instances/640-random-0-1-14.lcs,9863,,,,,,,
../../misc_phd/input/lcs_instances/640-random-0-1-15.lcs,11071,,,,,,,
../../misc_phd/input/lcs_instances/640-random-0-1-16.lcs,10432,,,,,,,
../../misc_phd/input/lcs_instances/640-random-0-1-17.lcs,9590,,,,,,,
../../misc_phd/input/lcs_instances/640-random-0-1-18.lcs,8159,,,,,,,
../../misc_phd/input/lcs_instances/640-random-0-1-19.lcs,12266,,,,,,,
../../misc_phd/input/lcs_instances/640-random-0-1-20.lcs,10248,,,,,,,
../../misc_phd/input/lcs_instances/640-random-0-1-21.lcs,8560,,,,,,,
../../misc_phd/input/lcs_instances/640-random-0-1-22.lcs,8897,,,,,,,
../../misc_phd/input/lcs_instances/640-random-0-1-23.lcs,8210,,,,,,,
../../misc_phd/input/lcs_instances/640-random-0-1-24.lcs,11153,,,,,,,
../../misc_phd/input/lcs_instances/640-random-0-1-25.lcs,9933,,,,,,,
../../misc_phd/input/lcs_instances/640-random-0-1-26.lcs,12601,,,,,,,
../../misc_phd/input/lcs_instances/640-random-0-1-27.lcs,14859,,,,,,,
../../misc_phd/input/lcs_instances/640-random-0-1-28.lcs,12483,,,,,,,
../../misc_phd/input/lcs_instances/640-random-0-1-29.lcs,9345,,,,,,,
../../misc_phd/input/lcs_instances/640-random-0-1-30.lcs,10761,,,,,,,
../../misc_phd/input/lcs_instances/640-random-0-1-31.lcs,10365,,,,,,,
../../misc_phd/input/lcs_instances/640-random-0-1-32.lcs,10740,,,,,,,
../../misc_phd/input/lcs_instances/640-random-0-1-33.lcs,10719,,,,,,,
../../misc_phd/input/lcs_instances/640-random-0-1-34.lcs,12240,,,,,,,
../../misc_phd/input/lcs_instances/640-random-0-1-35.lcs,11144,,,,,,,
../../misc_phd/input/lcs_instances/640-random-0-1-36.lcs,7405,,,,,,,
../../misc_phd/input/lcs_instances/640-random-0-1-37.lcs,11828,,,,,,,
../../misc_phd/input/lcs_instances/640-random-0-1-38.lcs,9200,,,,,,,
../../misc_phd/input/lcs_instances/640-random-0-1-39.lcs,9511,,,,,,,
../../misc_phd/input/lcs_instances/640-random-0-1-40.lcs,12365,,,,,,,
../../misc_phd/input/lcs_instances/640-random-0-1-41.lcs,9320,,,,,,,
../../misc_phd/input/lcs_instances/640-random-0-1-42.lcs,11838,,,,,,,
../../misc_phd/input/lcs_instances/640-random-0-1-43.lcs,9102,,,,,,,
../../misc_phd/input/lcs_instances/640-random-0-1-44.lcs,15059,,,,,,,
../../misc_phd/input/lcs_instances/640-random-0-1-45.lcs,10424,,,,,,,
../../misc_phd/input/lcs_instances/640-random-0-1-46.lcs,10663,,,,,,,
../../misc_phd/input/lcs_instances/640-random-0-1-47.lcs,12336,,,,,,,
../../misc_phd/input/lcs_instances/640-random-0-1-48.lcs,8255,,,,,,,
../../misc_phd/input/lcs_instances/640-random-0-1-49.lcs,10240,,,,,,,
../../misc_phd/input/lcs_instances/640-random-0-1-50.lcs,7811,,,,,,,
../../misc_phd/input/lcs_instances/640-random-0-1-51.lcs,10181,,,,,,,
../../misc_phd/input/lcs_instances/640-random-0-1-52.lcs,7841,,,,,,,
../../misc_phd/input/lcs_instances/640-random-0-1-53.lcs,10628,,,,,,,
../../misc_phd/input/lcs_instances/640-random-0-1-54.lcs,12429,,,,,,,
../../misc_phd/input/lcs_instances/640-random-0-1-55.lcs,10430,,,,,,,
../../misc_phd/input/lcs_instances/640-random-0-1-56.lcs,12552,,,,,,,
../../misc_phd/input/lcs_instances/640-random-0-1-57.lcs,11158,,,,,,,
../../misc_phd/input/lcs_instances/640-random-0-1-58.lcs,12034,,,,,,,
../../misc_phd/input/lcs_instances/640-random-0-1-59.lcs,10635,,,,,,,
../../misc_phd/input/lcs_instances/640-random-0-1-60.lcs,8521,,,,,,,
../../misc_phd/input/lcs_instances/640-random-0-1-61.lcs,11751,,,,,,,
../../misc_phd/input/lcs_instances/640-random-0-1-62.lcs,8327,,,,,,,
../../misc_phd/input/lcs_instances/640-random-0-1-63.lcs,11066,,,,,,,
../../misc_phd/input/lcs_instances/640-random-0-1-64.lcs,8085,,,,,,,
../../misc_phd/input/lcs_instances/640-random-0-1-65.lcs,11270,,,,,,,
../../misc_phd/input/lcs_instances/640-random-0-1-66.lcs,12992,,,,,,,
../../misc_phd/input/lcs_instances/640-random-0-1-67.lcs,9314,,,,,,,
../../misc_phd/input/lcs_instances/640-random-0-1-68.lcs,11174,,,,,,,
../../misc_phd/input/lcs_instances/640-random-0-1-69.lcs,13516,,,,,,,
../../misc_phd/input/lcs_instances/640-random-0-1-70.lcs,9997,,,,,,,
../../misc_phd/input/lcs_instances/640-random-0-1-71.lcs,7901,,,,,,,
../../misc_phd/input/lcs_instances/640-random-0-1-72.lcs,9991,,,,,,,
../../misc_phd/input/lcs_instances/640-random-0-1-73.lcs,11102,,,,,,,
../../misc_phd/input/lcs_instances/640-random-0-1-74.lcs,11195,,,,,,,
../../misc_phd/input/lcs_instances/640-random-0-1-75.lcs,9919,,,,,,,
../../misc_phd/input/lcs_instances/640-random-0-1-76.lcs,12238,,,,,,,
../../misc_phd/input/lcs_instances/640-random-0-1-77.lcs,10080,,,,,,,
../../misc_phd/input/lcs_instances/640-random-0-1-78.lcs,9693,,,,,,,
../../misc_phd/input/lcs_instances/640-random-0-1-79.lcs,8308,,,,,,,
../../misc_phd/input/lcs_instances/640-random-0-1-80.lcs,10875,,,,,,,
../../misc_phd/input/lcs_instances/640-random-0-1-81.lcs,13248,,,,,,,
../../misc_phd/input/lcs_instances/640-random-0-1-82.lcs,7531,,,,,,,
../../misc_phd/input/lcs_instances/640-random-0-1-83.lcs,8184,,,,,,,
../../misc_phd/input/lcs_instances/640-random-0-1-84.lcs,9745,,,,,,,
../../misc_phd/input/lcs_instances/640-random-0-1-85.lcs,11040,,,,,,,
../../misc_phd/input/lcs_instances/640-random-0-1-86.lcs,8318,,,,,,,
../../misc_phd/input/lcs_instances/640-random-0-1-87.lcs,8852,,,,,,,
../../misc_phd/input/lcs_instances/640-random-0-1-88.lcs,10166,,,,,,,
../../misc_phd/input/lcs_instances/640-random-0-1-89.lcs,8903,,,,,,,
../../misc_phd/input/lcs_instances/640-random-0-1-90.lcs,13033,,,,,,,
../../misc_phd/input/lcs_instances/640-random-0-1-91.lcs,8746,,,,,,,
../../misc_phd/input/lcs_instances/640-random-0-1-92.lcs,11161,,,,,,,
../../misc_phd/input/lcs_instances/640-random-0-1-93.lcs,9856,,,,,,,
../../misc_phd/input/lcs_instances/640-random-0-1-94.lcs,12807,,,,,,,
../../misc_phd/input/lcs_instances/640-random-0-1-95.lcs,9621,,,,,,,
../../misc_phd/input/lcs_instances/640-random-0-1-96.lcs,10654,,,,,,,
../../misc_phd/input/lcs_instances/640-random-0-1-97.lcs,9356,,,,,,,
../../misc_phd/input/lcs_instances/640-random-0-1-98.lcs,13872,,,,,,,
../../misc_phd/input/lcs_instances/640-random-0-1-99.lcs,10246,,,,,,,
